1;4;5;30;33;41;52;1714650.23
2;9;37;39;41;43;49;0
3;10;11;29;30;36;47;0
4;1;5;6;27;42;59;717080.75
5;1;2;6;16;19;46;1342488.85
6;7;13;19;22;40;47;2286166.33
7;3;5;20;21;38;56;3335692.28
8;4;17;37;38;47;53;4493748.19
9;8;43;54;55;56;60;5718641.49
10;4;18;21;25;38;57;13334769.81
11;15;25;37;38;58;59;0
12;4;16;19;20;27;43;880136.24
13;18;32;47;50;54;56;1940205.35
14;2;16;23;27;47;53;3006941.32
15;12;33;35;51;52;60;4232661.35
16;20;32;34;49;58;60;5471686.62
17;6;10;13;19;20;51;0
18;23;27;36;37;42;56;858843.48
19;5;10;12;24;25;60;10506266.73
20;11;25;28;30;33;51;11844340.83
21;6;33;36;46;49;53;13182021.44
22;1;9;31;38;46;56;14716828.84
23;17;37;39;51;52;59;16510452.00
24;1;8;14;28;33;43;0
25;24;43;50;54;55;56;884973.50
26;10;22;50;53;57;58;1892469.30
27;13;17;20;33;44;51;2998050.68
28;3;6;22;24;54;60;4183003.48
29;3;8;14;43;56;58;0
30;7;14;15;29;38;50;10127520.80
31;17;19;28;45;48;56;11214340.46
32;5;14;33;36;43;44;12531181.83
33;5;17;33;39;42;49;0
34;13;15;17;40;53;57;832568.20
35;4;16;21;23;54;57;1770963.49
36;3;13;17;25;29;51;2841425.78
37;6;7;22;38;52;60;3791687.26
38;10;42;43;45;54;55;4910944.53
39;12;16;37;45;52;56;13456111.33
40;3;5;8;12;46;47;15222867.04
41;12;26;35;38;39;47;0
42;7;11;19;24;33;36;888735.02
43;2;6;17;25;26;58;1765157.22
44;14;18;29;38;44;47;2642633.14
45;7;30;37;44;53;55;3719811.46
46;1;23;24;32;46;60;4809891.56
47;3;17;25;35;48;56;5933418.51
48;2;5;28;34;47;50;7118717.38
49;7;13;33;35;43;55;0
50;6;16;21;44;57;58;8917830.39
51;17;23;24;25;42;47;10158749.73
52;15;30;38;46;58;59;11595036.71
53;3;13;16;38;42;46;13192159.46
54;5;9;18;21;36;56;0
55;2;14;23;29;38;52;856756.39
56;2;7;20;35;51;59;1556147.46
57;7;16;17;27;34;59;2570421.80
58;12;27;30;37;44;49;0
59;2;8;13;28;34;54;789733.42
60;3;14;15;20;21;38;9478249.26
61;8;18;29;42;44;59;10657792.45
62;6;8;13;24;31;52;12081323.45
63;9;25;26;40;41;49;0
64;8;12;23;50;54;60;811186.58
65;1;5;20;25;32;34;1656088.09
66;12;13;15;26;33;48;2641927.81
67;12;14;17;27;47;52;3699406.44
68;1;3;12;13;53;59;4787014.46
69;25;34;45;53;56;58;5926931.93
70;17;23;27;40;43;58;14883849.29
71;16;27;33;43;45;53;16602188.45
72;1;19;34;43;44;48;18609174.26
73;25;26;28;45;51;57;0
74;2;24;34;37;38;50;876368.71
75;21;24;35;36;37;49;1917550.02
76;8;17;18;23;33;53;3048886.14
77;21;29;40;49;54;57;4240457.60
78;12;22;25;31;32;46;5465006.39
79;2;13;17;25;31;43;0
80;23;28;37;40;48;51;10953707.53
81;10;23;41;47;54;60;12401021.68
82;15;18;29;36;51;53;0
83;4;15;16;24;42;57;858048.93
84;4;6;10;25;34;40;1780905.80
85;6;15;30;37;45;47;2713984.86
86;6;21;22;34;36;54;3678955.17
87;4;5;11;28;32;40;4654053.86
88;4;18;29;37;43;45;5705540.99
89;13;34;42;44;55;59;6752968.26
90;9;21;26;40;52;54;0
91;2;4;10;35;39;60;782445.93
92;1;3;5;23;24;51;1663783.45
93;2;22;28;31;36;53;2569217.31
94;8;18;28;51;52;55;3512942.16
95;6;40;45;46;50;60;4326270.55
96;4;7;26;40;42;58;0
97;5;11;14;35;53;56;0
98;13;14;31;33;35;43;695149.05
99;11;24;30;33;46;60;1470041.96
100;14;29;30;46;48;51;8585129.47
101;1;18;29;31;37;39;9869908.65
102;19;20;37;42;44;56;0
103;1;7;9;49;54;57;0
104;1;4;13;21;38;52;621880.72
105;3;13;31;43;46;49;1402269.88
106;5;16;24;35;38;39;2268378.66
107;2;4;16;24;51;52;3171136.01
108;21;24;29;34;59;60;4116628.49
109;1;13;44;48;49;54;11523677.38
110;18;31;43;52;57;58;12690079.16
111;4;22;25;32;33;52;14165647.19
112;12;20;34;37;42;43;0
113;7;26;28;34;54;55;650691.40
114;6;12;18;37;47;54;1470833.69
115;4;6;14;20;24;38;2339731.79
116;5;13;32;36;42;51;3257973.62
117;20;25;27;33;42;53;4210398.41
118;9;22;25;37;56;57;5231361.36
119;1;21;36;38;47;50;13206225.91
120;3;16;27;40;45;46;14643740.70
121;2;29;41;44;53;55;16205258.33
122;11;17;20;39;43;53;18019018.95
123;13;14;16;26;32;42;20646465.28
124;5;15;34;41;52;57;0
125;25;41;47;53;56;59;851497.47
126;6;10;11;28;32;40;1852731.83
127;21;29;50;51;54;59;2987378.17
128;3;9;18;21;23;43;4183483.50
129;1;9;10;32;46;54;5440490.00
130;13;29;38;42;49;53;18814958.31
131;4;9;17;27;30;44;21765774.49
132;7;9;35;41;44;50;25343057.89
133;5;6;19;34;39;57;0
134;4;25;32;36;52;60;1008932.39
135;21;22;35;40;53;59;2188444.72
136;1;17;25;38;45;59;3463871.17
137;15;16;19;22;26;49;4802402.93
138;5;14;27;37;40;41;6254876.80
139;3;13;26;27;41;42;0
140;7;31;41;44;46;55;16453628.31
141;10;13;22;41;42;58;19324778.90
142;8;15;19;20;54;59;22851887.24
143;6;18;20;40;50;53;27136115.88
144;8;32;36;44;45;55;0
145;15;16;31;41;43;51;1283220.59
146;25;32;34;42;51;60;2747335.81
147;6;16;23;24;28;38;0
148;32;35;41;55;58;59;965880.61
149;7;11;20;28;45;48;2211820.94
150;12;44;50;52;54;55;21414530.14
151;3;16;20;43;52;56;0
152;5;12;15;29;51;58;1040614.80
153;2;30;31;42;45;47;2329154.62
154;8;10;24;33;45;48;3692251.60
155;12;30;32;35;43;44;0
156;17;23;42;49;52;55;978407.41
157;4;13;17;21;41;44;0
158;4;14;17;43;51;58;961863.12
159;9;11;16;35;50;58;0
160;2;13;42;52;54;58;11251511.63
161;6;25;30;37;39;41;12896601.04
162;21;23;33;38;48;51;15208520.83
163;8;27;36;41;53;56;0
164;4;10;14;19;28;44;1011737.90
165;10;19;23;35;39;56;0
166;12;13;22;57;59;60;982751.54
167;1;11;28;33;38;48;0
168;2;9;31;35;45;50;906836.93
169;1;13;21;37;51;52;1973804.91
170;7;41;46;51;55;58;13643095.71
171;4;27;40;43;46;54;0
172;10;14;26;35;36;49;1033736.70
173;17;28;29;42;49;50;0
174;11;22;23;36;52;59;942313.58
175;1;10;13;20;42;50;2049582.99
176;1;3;4;28;45;53;3291794.61
177;22;35;38;39;41;59;4646890.81
178;5;15;19;26;27;33;0
179;5;6;23;26;27;53;962357.04
180;6;23;29;39;51;60;12143009.93
181;1;27;33;35;51;55;14573162.71
182;3;5;10;28;46;60;17428194.22
183;2;7;11;16;40;44;20905131.40
184;9;16;21;34;41;60;24733003.15
185;17;22;43;46;55;59;30124561.09
186;14;23;24;25;26;51;37335874.86
187;6;36;41;44;48;58;48320873.60
188;17;27;34;42;43;46;0
189;4;15;31;38;41;53;1718456.25
190;5;10;21;32;40;42;44895988.05
191;1;3;5;23;41;58;0
192;1;26;28;41;54;60;1463122.78
193;4;11;12;19;43;49;3104692.58
194;25;28;32;33;42;43;4740789.92
195;3;9;17;32;37;44;0
196;7;9;14;17;24;32;1159520.95
197;5;12;15;19;29;52;2428125.98
198;1;8;18;23;35;40;3760278.08
199;10;16;37;50;52;57;0
200;12;15;19;34;44;51;0
201;5;20;22;30;35;55;0
202;12;24;44;45;49;53;968186.82
203;11;19;29;44;47;55;2034096.14
204;29;31;39;41;51;58;3194615.19
205;26;32;40;43;46;54;0
206;18;20;26;34;51;56;916897.74
207;3;7;19;24;53;55;1960583.04
208;15;23;24;25;47;57;3056064.34
209;13;21;26;32;41;52;4256466.94
210;20;32;37;38;48;58;14043878.83
211;10;20;33;40;45;50;16185115.03
212;6;15;29;45;57;59;18534548.53
213;3;9;23;30;32;35;0
214;6;12;30;31;35;50;1009456.63
215;7;28;37;46;53;58;2139994.41
216;14;18;30;35;42;59;0
217;3;27;32;45;49;51;877607.32
218;12;17;40;42;47;54;0
219;23;26;28;36;42;49;885291.29
220;13;14;36;53;55;60;0
221;13;27;43;50;54;58;856460.89
222;5;19;30;48;52;55;1862509.60
223;2;6;22;24;28;58;3004483.21
224;7;16;18;20;21;44;4247750.04
225;2;4;16;21;37;58;5496971.76
226;1;2;38;49;50;59;0
227;11;26;27;37;42;48;885652.57
228;13;16;40;43;45;59;1902506.15
229;11;13;21;33;39;45;0
230;8;40;41;44;53;56;9547336.00
231;16;27;36;42;44;59;11481752.44
232;19;22;29;37;41;59;13653988.77
233;3;7;24;32;36;45;0
234;15;25;41;42;45;54;906511.63
235;2;22;29;31;41;55;1942631.63
236;10;25;50;52;57;60;3055084.91
237;7;31;36;45;56;57;4344394.18
238;9;13;15;37;41;42;0
239;6;21;33;44;46;47;0
240;25;28;38;41;57;59;11686511.34
241;11;31;35;40;56;57;13712211.55
242;4;7;21;22;28;56;16132069.11
243;11;16;20;23;32;47;18728383.13
244;19;24;33;47;50;60;22081659.67
245;8;27;44;51;53;60;0
246;2;16;32;37;43;57;1036993.80
247;3;10;23;30;34;46;2196692.29
248;16;32;34;35;41;56;3489735.08
249;21;36;40;49;54;55;4906709.76
250;7;25;41;42;43;55;22593628.59
251;15;23;30;34;49;55;25936007.67
252;4;17;26;32;51;54;0
253;11;12;24;37;44;56;1056248.75
254;1;4;21;22;30;56;2355166.17
255;16;19;20;32;44;55;3734074.48
256;2;21;26;32;34;52;5190470.09
257;1;4;5;19;28;34;0
258;7;12;50;54;55;60;1015099.19
259;13;15;20;33;43;58;2195724.03
260;4;6;33;43;59;60;17357124.85
261;5;16;20;30;54;56;19797765.32
262;11;20;48;53;58;60;22991600.18
263;8;9;26;43;50;53;27061348.12
264;1;5;13;25;31;33;0
265;7;16;34;41;50;53;1127161.81
266;2;23;38;46;48;54;2442739.49
267;1;8;45;46;55;58;3720210.04
268;5;6;10;21;33;47;5098601.74
269;17;18;19;25;49;52;6697873.66
270;5;9;27;35;40;45;0
271;14;24;26;29;31;54;1028865.23
272;9;10;24;36;56;58;2205988.15
273;10;17;23;27;47;52;0
274;11;13;18;26;39;47;935192.94
275;16;19;30;37;38;48;2061751.10
276;22;39;45;53;57;59;3245516.79
277;4;26;38;40;52;56;4565490.29
278;10;15;18;22;31;55;5975419.10
279;4;23;31;47;58;59;7622494.24
280;5;16;20;25;30;58;19351758.16
281;5;11;31;38;47;53;0
282;9;14;23;24;33;36;0
283;25;28;34;42;48;54;0
284;7;8;14;30;32;36;0
285;12;32;37;41;50;56;425869.64
286;29;35;37;44;47;56;1398941.94
287;3;13;25;33;47;60;0
288;6;9;11;17;18;50;860964.72
289;6;7;20;25;30;36;1341870.11
290;7;25;26;30;40;57;10159688.47
291;5;16;17;18;22;41;11117743.68
292;13;23;24;34;45;53;12692554.40
293;5;6;7;12;28;35;13858457.03
294;22;25;28;41;45;57;0
295;7;12;24;31;44;50;442466.08
296;3;20;42;46;51;52;1367552.68
297;1;20;28;33;36;41;1948159.43
298;5;22;23;24;34;60;0
299;2;5;7;33;49;53;417337.23
300;24;27;28;38;41;57;8421199.74
301;9;26;48;49;57;58;9414796.91
302;12;25;30;40;41;60;11051609.38
303;7;13;17;30;37;47;0
304;7;11;34;41;42;59;769087.04
305;5;11;27;38;53;60;1333855.18
306;19;30;41;47;56;57;2332990.80
307;13;16;17;26;41;44;3000002.70
308;4;11;25;29;39;55;0
309;4;11;25;39;50;55;0
310;2;14;28;29;31;32;7512984.90
311;22;24;30;32;38;41;8459898.95
312;14;23;30;41;47;50;9909043.97
313;14;16;24;37;38;53;11055737.35
314;5;32;34;37;40;58;12427002.17
315;12;21;22;28;43;50;0
316;6;24;28;43;51;56;804502.07
317;16;20;27;30;35;48;1325010.22
318;3;19;20;31;40;53;0
319;12;16;17;19;23;48;451904.22
320;20;22;27;47;50;53;8460390.65
321;4;11;31;32;48;49;9579360.38
322;11;18;29;44;47;56;11192700.36
323;26;31;33;40;49;54;12531452.28
324;8;15;22;25;30;47;14541455.70
325;1;3;4;21;23;53;0
326;21;23;40;44;51;52;1048702.44
327;29;32;33;38;46;48;1634646.68
328;5;7;14;21;23;51;0
329;10;11;12;24;35;40;9617027.24
330;2;4;14;23;37;51;11190156.01
331;1;13;20;27;35;37;12355441.42
332;23;28;29;34;42;44;14025004.81
333;4;27;35;44;52;53;15441466.12
334;14;23;24;26;41;51;0
335;7;23;33;43;57;59;510820.70
336;2;18;22;26;30;54;1413202.70
337;4;14;16;31;52;54;2519311.97
338;1;4;9;36;46;48;3243312.50
339;5;12;13;16;27;50;12514336.94
340;9;10;12;33;42;60;13948598.35
341;5;16;22;23;43;56;15865526.88
342;16;29;34;49;51;54;17547094.93
343;4;6;7;12;24;41;0
344;10;12;14;33;35;36;524086.97
345;11;22;46;51;56;58;0
346;7;12;41;46;56;60;471175.04
347;1;10;12;26;48;52;1334215.32
348;19;30;33;39;40;52;1944413.01
349;8;9;28;32;38;54;10405636.15
350;10;15;23;30;43;57;11538610.20
351;15;16;24;41;59;60;13241262.56
352;7;20;25;44;47;49;14757638.49
353;19;23;30;46;55;60;16844201.81
354;7;16;38;40;41;52;0
355;2;14;22;23;37;60;864747.94
356;5;19;21;54;56;58;1470612.40
357;2;30;32;35;45;53;2445712.66
358;12;17;21;32;40;42;3746340.86
359;13;19;20;29;31;54;13221837.92
360;23;24;29;47;53;55;14920906.83
361;16;28;31;41;45;59;16385748.75
362;7;20;33;37;46;56;0
363;19;29;39;47;49;54;483469.12
364;5;29;44;51;57;59;0
365;19;23;34;37;52;58;0
366;4;6;7;15;21;51;625880.91
367;10;12;27;33;49;52;0
368;13;29;32;38;44;50;682127.44
369;1;14;21;35;42;60;0
370;1;4;40;42;51;54;7330667.64
371;4;18;23;33;39;60;8271144.70
372;16;17;24;39;46;57;0
373;1;5;10;24;31;33;404360.65
374;2;5;16;26;44;54;1179384.47
375;1;5;9;42;51;58;1748004.50
376;10;13;25;35;43;48;2705928.72
377;3;12;19;27;45;46;3399042.30
378;5;38;41;45;48;55;4498508.08
379;24;33;40;41;55;59;11243785.66
380;13;22;30;31;47;57;12882392.95
381;9;10;28;46;55;56;14328873.76
382;31;34;37;38;53;54;16267384.96
383;14;22;48;50;53;56;18348185.45
384;24;28;40;47;50;52;21673565.65
385;5;12;16;18;22;24;0
386;17;35;36;39;43;54;972045.86
387;22;28;29;43;47;48;1689053.37
388;23;36;48;52;53;58;2728273.75
389;5;14;18;43;46;54;15745310.46
390;7;12;22;34;38;53;0
391;4;7;15;16;35;40;536994.30
392;15;23;31;39;47;49;0
393;6;12;35;36;40;50;510254.22
394;5;15;35;42;45;49;1176778.31
395;10;11;14;20;31;58;0
396;6;18;34;42;45;47;767243.59
397;1;2;5;24;32;46;1352288.49
398;7;16;22;28;36;37;0
399;11;16;27;47;55;59;5676171.41
400;10;13;28;29;54;59;6869047.91
401;11;18;43;44;50;53;7859389.89
402;5;16;27;43;56;58;9248373.54
403;7;16;27;31;46;60;10398815.28
404;1;24;28;38;40;58;11711956.93
405;24;29;34;47;57;60;13077805.76
406;2;12;32;38;47;48;14899587.92
407;2;18;22;49;51;57;16661649.27
408;14;28;33;44;49;56;0
409;18;25;26;31;34;49;9710567.61
410;8;24;31;36;38;55;10953730.37
411;10;12;31;38;45;56;12243861.06
412;5;12;14;21;45;59;14018527.28
413;2;4;29;33;35;53;15655814.53
414;16;26;35;45;52;58;0
415;1;4;27;38;42;44;529318.35
416;1;13;23;33;54;56;1403039.91
417;7;12;21;25;34;42;2099028.66
418;8;15;32;45;49;52;0
419;9;16;41;42;52;53;8115153.05
420;12;29;30;43;57;59;9504559.06
421;5;35;37;38;45;51;10706283.47
422;12;37;43;55;56;60;12321354.11
423;8;22;32;33;40;53;13741035.48
424;18;27;29;36;46;59;15636395.41
425;6;10;16;34;42;47;0
426;7;30;32;37;50;54;921638.77
427;3;13;14;24;43;51;1592223.84
428;8;28;30;32;46;60;2566758.37
429;17;26;32;36;43;55;12839021.93
430;8;10;21;25;38;50;0
431;26;37;40;47;52;58;505677.41
432;4;13;17;27;39;50;1295327.95
433;16;17;28;30;36;54;1912111.54
434;4;10;17;24;30;54;2836778.00
435;10;11;17;31;37;43;3566693.13
436;1;6;7;29;48;57;4668258.69
437;7;10;30;44;54;59;5550305.04
438;3;5;11;14;38;48;6820280.27
439;13;20;29;42;43;57;14150924.79
440;3;5;23;30;46;47;15970566.86
441;2;10;15;21;58;59;17701023.29
442;6;15;23;31;37;59;0
443;11;17;26;36;48;52;920584.21
444;3;24;33;48;52;57;1637340.11
445;7;20;31;32;50;53;2699748.84
446;8;11;12;17;20;47;0
447;15;24;25;33;42;55;792681.47
448;3;5;9;45;51;52;1433817.03
449;1;8;24;34;49;56;10220372.33
450;1;9;13;50;51;59;11590970.46
451;17;18;23;28;31;53;13379529.89
452;11;16;30;36;51;54;15098395.42
453;8;20;23;34;52;58;17392667.68
454;4;17;24;42;46;56;19872744.64
455;2;14;15;17;50;59;22264057.74
456;3;17;22;27;33;40;25219091.20
457;15;17;24;27;32;48;0
458;13;24;32;34;43;53;727701.47
459;8;15;17;39;43;49;15906301.09
460;19;23;30;37;49;55;17708446.64
461;15;17;20;29;30;60;20048450.45
462;17;19;22;26;27;48;22343987.57
463;2;3;7;18;45;53;25280386.38
464;6;24;33;38;45;50;0
465;1;22;31;46;51;57;926313.93
466;11;16;28;29;30;45;1721479.17
467;8;18;21;22;38;60;2840905.83
468;5;6;23;25;39;51;3835668.21
469;13;21;26;29;42;47;0
470;8;11;23;37;51;58;13182029.14
471;5;31;32;36;51;59;14975752.83
472;3;4;12;29;38;51;16670651.02
473;7;23;41;49;51;58;18486889.08
474;3;12;32;34;40;50;20782211.64
475;6;8;19;22;43;52;23591742.20
476;17;20;38;43;55;58;26885217.69
477;6;8;18;34;38;47;0
478;3;8;21;25;30;31;777803.22
479;20;26;41;46;54;58;16088932.65
480;14;33;36;38;41;49;17947892.21
481;6;13;22;24;42;44;0
482;12;13;33;53;54;56;732011.95
483;16;18;23;35;44;59;1786227.43
484;17;18;19;38;49;53;2687468.43
485;19;28;30;38;52;57;3979451.73
486;8;14;19;30;42;50;0
487;8;22;25;48;52;54;0
488;15;30;35;39;43;57;654896.68
489;17;28;33;36;53;59;9662631.84
490;5;11;23;29;54;58;0
491;1;9;15;22;43;55;0
492;2;6;15;18;56;57;594095.53
493;3;18;20;24;42;54;1510241.51
494;18;20;28;32;49;53;2354949.51
495;8;15;29;36;49;60;3539495.03
496;10;19;20;29;41;59;4570690.49
497;9;13;20;32;41;58;5928244.66
498;2;6;28;49;50;57;7153413.01
499;1;4;5;11;44;59;0
500;21;29;35;36;38;54;0
501;16;27;28;34;39;56;583261.35
502;7;13;21;24;33;50;0
503;7;10;21;27;48;49;558530.93
504;8;11;19;30;39;50;1391570.39
505;3;20;28;46;47;52;2102072.80
506;4;15;31;34;37;38;3094262.01
507;3;5;27;33;44;58;0
508;5;10;15;45;46;56;714335.26
509;28;32;33;34;35;55;7199176.21
510;1;4;30;41;45;58;0
511;3;4;8;34;36;37;761315.61
512;4;8;31;40;53;58;0
513;10;19;27;33;39;46;683099.65
514;15;36;40;42;51;52;4941165.35
515;15;16;39;45;48;57;6122998.73
516;5;13;24;33;34;35;7677394.38
517;7;8;28;32;38;51;9087707.16
518;5;8;10;15;18;44;11003437.88
519;9;15;19;22;36;42;18558840.36
520;9;12;17;32;34;35;21468871.74
521;15;25;28;32;38;45;24508480.18
522;6;14;15;25;49;52;28496281.66
523;28;39;40;44;45;58;34421843.43
524;19;29;34;41;47;48;0
525;8;10;24;26;32;49;0
526;3;21;31;36;55;59;1349521.77
527;6;14;17;26;50;52;2454925.13
528;8;12;28;31;34;37;3926952.17
529;1;13;33;38;45;56;0
530;1;6;21;25;32;49;7541604.05
531;1;3;7;18;35;50;9066892.84
532;4;9;12;13;52;53;11074743.03
533;13;18;21;27;53;59;12903975.95
534;3;8;23;31;48;57;0
535;6;14;28;47;49;56;0
536;14;15;22;23;25;37;1076280.35
537;3;7;19;34;37;39;0
538;3;25;43;45;52;56;1041612.80
539;6;16;19;47;50;55;5728373.54
540;4;22;28;30;44;49;7225743.35
541;13;27;49;52;57;58;0
542;4;6;19;28;35;49;711731.71
543;35;37;42;46;49;54;0
544;11;17;33;34;47;56;4929350.89
545;17;29;35;40;43;57;0
546;4;5;13;17;46;54;684598.29
547;4;13;28;30;53;59;0
548;14;47;49;51;58;59;655746.39
549;8;13;22;46;51;58;5216225.00
550;16;17;38;39;45;56;6463630.53
551;12;21;46;48;56;57;8190426.28
552;9;22;47;49;52;54;9894220.21
553;4;43;46;53;54;58;11644606.76
554;15;29;31;42;47;60;20258939.21
555;5;23;31;33;45;49;0
556;8;10;17;30;33;45;520539.87
557;8;12;18;23;38;49;1656435.01
558;7;14;31;57;58;59;2632936.06
559;6;13;17;25;36;53;0
560;2;11;18;30;32;58;6433069.85
561;1;20;36;39;49;55;8188276.67
562;16;23;35;37;55;57;9881959.48
563;5;8;23;34;44;51;12014774.50
564;10;13;20;32;38;49;20397765.64
565;7;31;34;35;37;45;23314582.63
566;6;13;17;18;20;37;26805592.27
567;11;31;38;41;57;58;31380642.06
568;13;17;22;25;29;41;37620642.34
569;3;9;14;15;32;57;0
570;15;32;33;35;36;51;21431972.38
571;12;13;14;31;50;51;24124014.99
572;3;9;16;20;33;60;27148533.16
573;6;17;22;29;40;59;30737786.41
574;2;10;17;23;32;44;45420567.88
575;5;18;21;29;35;48;0
576;7;8;18;39;43;52;1079955.77
577;8;23;24;28;31;47;2585472.50
578;3;18;23;48;56;58;0
579;4;9;15;17;34;39;0
580;15;16;18;28;38;47;9592944.81
581;14;17;25;30;39;52;0
582;13;29;40;45;51;59;870027.37
583;6;7;20;41;43;55;2143769.60
584;7;8;23;30;32;53;8329175.80
585;12;24;33;36;39;57;0
586;11;13;38;39;45;54;823615.95
587;2;18;29;30;36;60;2116308.12
588;11;13;45;46;53;55;3254587.92
589;6;7;8;13;33;59;9594559.27
590;4;5;18;25;28;51;11322497.59
591;1;3;18;34;50;58;13447020.10
592;13;14;42;47;55;59;15406801.69
593;1;25;27;29;49;59;17818401.51
594;10;13;29;47;53;55;27956987.94
595;1;2;25;43;50;54;31498176.46
596;11;14;28;43;54;60;34695360.86
597;22;27;29;40;42;56;39999792.49
598;5;16;34;38;50;53;0
599;4;6;9;23;45;51;15168219.08
600;16;18;31;34;39;54;17220256.51
601;10;19;22;29;30;37;19692689.90
602;7;13;38;46;55;60;22018349.56
603;4;8;11;12;29;44;0
604;15;25;41;46;49;51;8450325.62
605;4;24;44;49;52;53;10318037.87
606;6;23;32;35;41;55;0
607;6;11;19;27;41;59;1134560.21
608;6;13;19;24;30;37;2242347.59
609;2;6;15;58;59;60;8804117.70
610;25;30;43;45;47;49;10421973.58
611;16;21;22;33;48;49;12396207.89
612;15;18;33;50;53;55;13992649.10
613;6;13;19;44;54;55;16309642.40
614;12;16;31;48;57;60;25638073.79
615;5;8;10;27;31;51;28755943.65
616;2;12;16;24;26;54;31620478.41
617;3;5;25;33;36;49;0
618;3;8;10;13;24;60;950038.98
619;8;12;14;16;19;46;10960275.81
620;1;3;13;22;29;32;12742680.43
621;26;29;31;49;50;57;15046017.24
622;19;27;29;38;50;59;17171752.86
623;9;23;30;42;49;55;19826970.07
624;8;23;34;39;43;52;0
625;12;24;32;40;42;59;9935192.23
626;7;8;18;22;39;49;11872960.59
627;1;13;19;45;56;58;14669915.47
628;8;16;22;30;56;58;0
629;15;16;39;40;47;51;0
630;12;16;20;45;53;60;8811801.94
631;1;20;28;32;44;47;0
632;2;19;28;48;51;54;896214.44
633;5;11;22;27;46;50;2088308.43
634;10;13;24;41;42;56;7789137.30
635;8;20;26;37;42;49;9459506.58
636;26;28;30;32;34;50;11112246.45
637;11;18;43;48;52;58;13063669.53
638;10;11;36;41;42;50;15643218.50
639;13;35;39;45;51;60;25066531.77
640;12;19;42;46;59;60;28229924.76
641;1;9;13;17;33;34;0
642;17;36;40;44;51;56;1115180.94
643;14;24;37;40;42;45;2239011.24
644;14;27;29;31;34;57;11328156.70
645;3;24;48;52;53;54;13192071.41
646;10;13;32;47;49;60;15415049.93
647;11;12;14;19;54;56;0
648;5;23;29;42;45;48;0
649;9;24;33;41;48;54;6720868.06
650;10;24;25;29;53;59;7955241.21
651;26;28;39;45;48;60;9522864.81
652;10;18;20;24;56;57;11487633.94
653;5;9;19;24;31;34;13429397.87
654;6;10;11;40;41;56;0
655;1;26;37;39;43;48;7808614.22
656;35;36;37;46;51;59;9573736.75
657;16;20;33;58;59;60;0
658;3;6;11;20;36;41;999190.32
659;14;29;34;40;51;52;7004050.46
660;5;11;38;46;53;54;8704277.05
661;4;27;36;40;42;55;10398923.36
662;4;18;23;25;56;60;12469215.44
663;1;27;30;49;51;55;14445995.20
664;1;12;36;38;55;59;23857740.39
665;7;8;18;25;47;48;26622098.55
666;7;16;26;29;45;55;30250022.18
667;1;4;5;16;23;49;0
668;1;2;14;33;49;56;1020967.19
669;7;24;27;40;41;49;0
670;22;37;42;48;58;59;10792198.93
671;9;16;27;38;39;51;12739685.49
672;24;28;34;38;43;53;15033880.01
673;6;11;20;34;37;40;17241869.86
674;18;22;29;32;38;42;27769536.63
675;24;25;30;42;43;50;30839224.48
676;9;15;32;41;42;49;34471676.39
677;8;10;25;32;48;55;38657818.81
678;14;31;40;42;44;46;44355495.36
679;3;21;25;37;54;58;0
680;2;3;5;22;26;44;19623257.97
681;21;25;38;53;58;59;22194175.20
682;4;27;36;37;47;60;24996965.62
683;2;11;12;35;40;43;27715795.78
684;17;19;33;37;40;50;40669733.33
685;5;12;27;33;43;56;0
686;4;5;15;26;33;54;1251986.54
687;1;7;14;41;48;59;2518128.16
688;11;21;30;35;47;52;4108867.61
689;6;7;31;49;51;60;12298361.58
690;8;12;15;41;47;53;14381378.18
691;8;16;37;50;55;58;16330873.12
692;11;18;33;57;58;60;18612740.26
693;13;14;17;31;41;50;20982752.64
694;15;19;29;37;41;53;31925755.05
695;6;11;13;21;40;52;34880737.54
696;9;16;34;37;53;57;0
697;28;31;32;35;51;53;1575200.44
698;8;12;22;27;43;55;2805890.89
699;17;23;48;50;53;54;12141821.41
700;2;3;14;24;31;40;13810515.56
701;1;13;23;31;48;60;15838891.81
702;1;18;45;56;57;58;17719825.24
703;2;11;24;27;30;45;20037455.42
704;2;4;18;27;34;50;29484065.62
705;3;11;13;15;26;43;32452771.10
706;2;7;10;17;22;60;36334914.54
707;1;8;10;36;43;51;0
708;7;9;13;39;45;47;1172271.79
709;4;6;9;22;29;44;11276978.00
710;5;25;34;39;46;49;13081573.14
711;5;10;33;40;41;59;15586402.01
712;7;8;35;43;53;58;17644136.19
713;1;12;16;26;46;54;20040586.54
714;7;8;17;35;39;53;29611134.96
715;4;12;24;33;36;54;0
716;2;7;16;29;32;50;0
717;6;17;23;28;35;41;1065855.06
718;7;21;33;35;39;58;2053079.87
719;3;32;37;39;47;53;8649484.79
720;12;31;44;51;54;56;10247549.36
721;3;14;23;25;36;55;12157688.32
722;9;18;36;44;57;60;14047415.26
723;1;6;16;36;50;52;16211920.28
724;17;27;34;48;51;55;25450246.43
725;3;9;35;37;41;49;0
726;1;5;7;37;40;47;946893.69
727;4;12;14;30;42;59;2216072.86
728;8;13;24;32;42;44;3431622.25
729;5;18;33;43;56;57;0
730;2;15;16;45;50;54;9358249.67
731;6;15;16;23;28;35;11137662.34
732;6;17;19;49;50;53;12799611.64
733;2;12;26;31;43;46;14762139.60
734;27;29;43;44;45;54;0
735;9;15;38;40;42;52;7826853.28
736;1;21;38;41;49;56;9417386.79
737;11;12;24;32;33;38;11547995.59
738;14;15;26;30;42;54;13745772.39
739;6;10;35;45;49;56;23305073.75
740;12;16;28;29;47;50;0
741;24;26;27;36;39;59;1145248.54
742;2;7;17;34;41;50;1766454.86
743;20;23;25;32;54;60;3211524.66
744;4;12;23;26;39;46;9937380.49
745;2;16;21;37;43;57;11955163.21
746;1;10;12;25;49;57;0
747;2;3;12;21;23;56;1213104.40
748;1;2;7;19;35;51;2389018.77
749;4;24;47;48;50;57;9429097.84
750;10;17;33;42;54;58;11040828.28
751;4;7;20;25;38;50;13012035.71
752;4;23;24;25;29;42;14971892.19
753;2;7;22;35;43;59;0
754;3;4;13;34;42;50;7463330.98
755;4;12;30;47;49;59;8777742.92
756;5;27;37;38;41;50;10414179.09
757;12;17;18;30;32;58;12082632.69
758;1;23;36;43;47;59;13941260.58
759;30;31;39;45;48;59;22265544.19
760;12;17;44;45;46;60;24506255.18
761;13;17;27;29;40;56;27512048.76
762;9;12;21;37;39;54;30932491.92
763;1;9;26;40;47;48;35086525.19
764;3;7;45;47;53;55;0
765;3;10;16;30;37;50;14740248.65
766;1;19;24;42;50;58;16598769.93
767;15;22;32;38;50;54;18803331.88
768;4;8;30;33;37;59;0
769;12;16;20;21;29;50;7808149.60
770;4;12;25;34;35;48;9438882.88
771;14;21;29;34;46;47;11260979.64
772;10;35;38;51;52;60;12817492.36
773;3;5;14;29;34;51;14487644.71
774;5;10;37;46;54;58;0
775;12;27;42;46;47;50;7421108.15
776;3;15;35;41;57;60;8748382.29
777;2;14;23;28;50;56;10252923.38
778;20;31;36;37;45;51;11825302.87
779;25;26;29;36;52;54;19016906.07
780;7;10;28;50;51;59;21030186.72
781;8;10;13;39;54;56;23318185.27
782;2;11;23;35;42;59;25654326.84
783;4;8;21;32;43;48;0
784;8;27;37;42;53;56;8240695.17
785;5;8;17;35;37;48;0
786;10;11;26;27;31;41;854527.84
787;20;31;34;37;54;60;2039100.64
788;17;19;29;31;44;57;3206981.50
789;6;31;38;39;50;60;9027559.48
790;2;6;19;22;28;43;10483439.10
791;9;14;19;35;42;58;0
792;9;29;34;43;45;56;887300.41
793;3;15;16;33;51;57;2014302.06
794;3;38;42;47;55;56;7393144.45
795;14;21;26;29;36;48;8860028.16
796;5;19;24;34;39;43;10256514.12
797;6;12;47;48;52;58;11707935.01
798;3;4;9;29;32;52;13355239.88
799;19;29;35;42;55;57;20861429.08
800;1;7;11;37;38;56;22895125.15
801;11;19;20;22;42;48;25374360.34
802;6;14;18;24;48;60;27890287.63
803;3;5;10;21;28;57;30927687.90
804;3;13;37;47;56;59;0
805;2;30;36;43;48;60;11073179.39
806;18;26;35;41;47;60;12693574.74
807;2;8;27;32;49;56;14345789.99
808;2;15;21;31;46;57;16228138.27
809;5;11;15;23;25;30;24143857.18
810;1;4;5;33;37;48;26441472.82
811;10;28;32;41;47;57;0
812;11;13;38;39;54;57;967199.74
813;9;15;23;45;46;56;2069459.59
814;2;8;11;41;46;50;9203290.18
815;9;19;37;39;50;57;10921121.58
816;20;21;30;40;47;52;12380394.81
817;10;29;30;34;43;52;14004110.17
818;8;9;22;25;41;44;15715920.16
819;5;19;25;46;51;58;23874662.70
820;10;17;21;32;45;46;0
821;4;29;33;36;38;42;1130724.80
822;4;10;17;27;41;52;2212009.51
823;1;15;26;51;54;59;3566468.83
824;6;7;9;20;33;48;10044004.79
825;10;21;28;40;41;47;11814295.88
826;6;7;8;27;45;53;12907689.09
827;18;24;30;42;51;56;14636725.67
828;23;28;38;42;50;53;16672542.56
829;10;14;32;47;50;56;30306455.18
830;2;13;41;49;51;53;34276670.77
831;3;32;33;42;48;50;40770541.92
832;15;17;23;33;39;49;0
833;13;16;46;53;57;58;1358616.66
834;10;16;17;34;44;51;0
835;18;31;33;49;57;58;20109130.83
836;17;22;28;38;52;59;22459069.62
837;5;6;16;24;34;60;0
838;9;23;30;38;44;47;1166414.58
839;7;8;11;18;37;43;9548388.11
840;17;29;31;35;43;59;11457118.69
841;7;22;32;36;38;51;13644549.97
842;7;9;30;44;51;60;15792837.51
843;1;16;34;36;45;48;18162628.75
844;16;24;34;44;54;57;29460722.37
845;14;19;20;40;48;52;32541798.04
846;2;3;44;47;50;54;36074973.92
847;14;15;27;42;44;48;0
848;17;27;32;34;47;56;0
849;8;9;39;44;49;58;10859511.56
850;7;22;25;44;59;60;12843555.94
851;3;16;19;32;35;58;0
852;6;14;23;34;38;44;1179766.12
853;30;38;46;51;56;59;2467562.79
854;3;17;24;25;27;44;9795115.03
855;3;24;31;42;43;53;11546909.14
856;11;15;40;41;42;47;13209593.04
857;2;3;17;49;50;59;15337557.86
858;4;18;23;31;37;54;0
859;9;12;34;46;47;57;7624012.41
860;2;8;17;22;42;44;9295079.41
861;39;40;42;47;59;60;0
862;2;8;11;12;19;35;0
863;15;24;32;50;53;57;830178.33
864;8;11;31;33;42;57;6807400.00
865;23;26;27;41;51;53;8347183.58
866;5;27;36;40;46;48;10212715.83
867;10;19;26;28;44;54;12060144.51
868;21;22;25;40;51;57;14156101.29
869;27;29;42;49;50;51;0
870;8;21;34;40;43;52;8272810.82
871;1;5;10;17;47;58;10016284.93
872;5;18;31;43;55;58;12106777.43
873;4;19;30;34;57;59;14303522.62
874;10;20;42;44;52;59;23535080.88
875;18;20;24;36;53;58;0
876;4;8;12;41;45;60;1534014.85
877;13;15;20;28;31;36;3277722.23
878;11;12;37;38;43;54;5008543.30
879;10;28;29;35;42;46;13767454.24
880;25;30;37;46;49;51;16033853.70
881;4;18;24;43;51;56;18517686.08
882;17;41;42;44;45;60;0
883;21;32;37;52;53;60;1180711.67
884;2;11;12;14;22;39;10204577.30
885;4;13;31;33;47;51;12050926.17
886;17;33;37;50;55;59;14224834.41
887;1;12;21;32;34;44;16421104.66
888;24;40;50;52;54;60;0
889;20;24;34;39;54;60;8190614.89
890;7;9;17;21;22;54;10159508.19
891;15;16;19;22;34;35;12378266.60
892;1;19;42;44;49;52;15031644.65
893;3;18;26;51;53;56;17741499.79
894;20;24;28;37;41;44;30139459.45
895;2;41;43;55;57;58;34353506.77
896;5;11;22;31;35;41;39670465.09
897;7;21;22;43;46;57;46355633.71
898;3;4;8;30;45;54;0
899;18;20;36;53;54;58;20867361.42
900;4;18;21;34;38;59;0
901;13;16;32;33;34;56;1641698.41
902;18;23;50;52;55;58;3692969.85
903;5;17;20;32;41;55;5792054.30
904;32;44;48;51;53;59;15768458.93
905;2;4;15;16;55;57;0
906;7;14;24;29;35;39;0
907;9;36;37;41;51;53;1403531.54
908;1;9;19;25;50;52;3222281.26
909;17;22;26;28;38;42;11605715.34
910;3;15;27;29;36;53;13593997.94
911;1;6;28;29;46;49;0
912;4;19;21;26;29;54;1455212.96
913;14;30;36;38;46;59;0
914;9;12;23;33;45;51;7590419.67
915;17;20;26;28;48;49;0
916;5;28;33;36;37;38;1171341.29
917;23;25;30;46;47;59;2680091.97
918;4;8;12;38;44;52;4473550.36
919;3;25;31;41;43;60;12153032.42
920;5;17;24;52;55;57;14235226.59
921;1;9;35;41;48;57;16556605.48
922;12;13;19;41;45;49;19370014.34
923;2;15;39;50;53;57;22420857.89
924;2;20;21;27;51;60;35717127.33
925;8;22;36;37;46;52;0
926;21;33;34;40;41;59;1495186.73
927;19;23;26;31;33;36;3110971.95
928;4;10;32;33;49;60;0
929;16;27;35;39;49;57;9414519.05
930;20;28;37;46;49;55;11758079.40
931;7;17;19;34;36;39;15785742.06
932;2;17;21;36;42;53;0
933;8;14;25;39;45;51;1352761.06
934;1;3;21;25;44;48;12508366.08
935;7;13;18;29;31;45;14803274.65
936;5;14;22;29;33;44;0
937;2;21;22;30;41;52;1274477.80
938;15;27;35;50;57;59;2871982.33
939;6;19;23;37;49;50;11264174.77
940;5;25;31;33;37;51;13483573.63
941;10;11;15;27;53;60;14791945.07
942;5;8;18;42;52;59;17460716.85
943;3;12;23;41;47;58;0
944;16;37;43;52;58;59;9017085.00
945;4;8;27;44;54;59;11076748.93
946;1;5;12;47;52;59;13496546.46
947;3;5;11;14;33;58;0
948;22;41;44;46;52;54;1426806.41
949;1;23;41;44;51;52;10111849.01
950;23;41;42;48;49;59;12377708.64
951;14;24;34;39;49;55;14815050.33
952;2;11;18;27;30;54;17574870.51
953;1;16;39;42;48;55;0
954;5;8;18;24;33;57;9334367.34
955;5;12;21;32;33;35;0
956;46;47;51;54;57;59;0
957;24;25;32;34;50;57;1270385.50
958;7;13;22;33;48;51;0
959;3;5;11;33;39;57;6756745.86
960;6;18;19;33;34;53;8711201.48
961;2;4;16;21;36;53;10884250.08
962;2;11;40;48;49;55;0
963;15;17;37;48;50;59;1064165.04
964;8;13;20;26;33;42;9139860.10
965;5;30;36;39;57;58;11128162.61
966;1;4;26;28;41;58;13169290.24
967;5;13;14;18;30;57;15680353.75
968;1;4;13;30;51;60;18568330.65
969;13;25;35;41;50;56;0
970;5;21;28;34;54;57;0
971;4;11;14;33;44;45;1329260.36
972;15;18;31;33;34;56;0
973;1;8;30;36;47;53;1239792.94
974;12;16;20;31;38;45;8440373.33
975;9;30;33;37;40;41;10865043.23
976;14;23;25;28;38;53;13604340.57
977;3;5;7;9;17;32;0
978;12;16;18;27;42;58;1596346.74
979;3;15;28;31;39;51;11484484.11
980;15;17;29;35;36;59;13956888.71
981;1;8;34;41;53;58;16572825.97
982;8;12;24;40;43;49;19657775.24
983;16;22;32;38;40;45;0
984;4;10;20;43;46;47;11966686.94
985;4;16;18;46;56;59;14489938.27
986;6;15;19;24;31;32;17649132.28
987;13;27;31;34;47;58;21265623.87
988;8;17;46;48;56;60;25323903.99
989;2;21;27;29;32;38;44005353.43
990;2;10;15;18;29;39;0
991;8;9;15;38;41;60;1689908.71
992;1;4;6;8;25;28;3844685.43
993;5;24;25;26;42;60;6166992.80
994;3;20;29;40;44;58;21402602.80
995;4;16;31;36;54;55;24901410.33
996;7;15;20;21;23;29;0
997;9;17;18;32;53;55;1649230.73
998;3;4;21;22;28;32;3690945.05
999;18;24;36;44;55;58;14203313.76
1000;29;38;39;49;53;58;17409498.46
1001;12;15;27;37;51;60;20948817.14
1002;3;7;25;31;40;58;0
1003;5;10;16;23;26;27;0
1004;29;40;43;44;45;47;10552054.80
1005;4;6;12;37;41;42;0
1006;2;4;17;33;48;55;0
1007;4;27;36;37;49;52;1482420.65
1008;7;13;15;34;42;48;3337751.69
1009;1;6;12;29;34;58;0
1010;2;3;13;37;46;54;7920807.17
1011;2;11;21;30;35;52;10210432.01
1012;14;19;40;47;55;58;12923432.48
1013;7;9;12;19;20;41;0
1014;8;9;25;41;57;60;8859049.04
1015;3;8;17;26;28;49;11110589.81
1016;5;9;11;20;25;60;0
1017;6;19;31;34;51;56;1457677.69
1018;9;24;44;51;55;58;3357381.15
1019;4;13;23;29;46;47;11835965.99
1020;1;2;19;32;39;52;14716218.54
1021;2;33;42;43;51;55;0
1022;5;21;31;39;40;56;1219024.12
1023;2;7;8;18;40;45;3012691.11
1024;18;22;28;29;39;53;12026299.10
1025;10;27;28;29;40;52;14788169.28
1026;6;10;17;33;51;53;18109910.47
1027;18;20;33;44;47;60;22036323.69
1028;20;26;34;51;52;54;26828477.85
1029;5;16;17;20;24;32;0
1030;1;8;23;37;54;57;15656941.29
1031;24;33;40;43;46;49;0
1032;15;16;26;29;43;57;1991549.91
1033;5;6;17;33;39;54;4080441.78
1034;1;3;18;20;42;49;29557027.04
1035;1;11;26;51;59;60;37025110.94
1036;10;27;36;39;41;52;0
1037;4;36;44;46;53;56;2055486.11
1038;6;7;28;35;43;51;4545165.59
1039;2;20;24;27;36;52;21306617.42
1040;1;6;28;39;44;55;25165354.54
1041;10;12;36;44;54;57;0
1042;13;18;25;30;46;51;1983110.38
1043;14;21;25;48;51;60;4118214.61
1044;10;11;13;35;39;58;15945179.95
1045;1;5;6;17;31;50;19241182.43
1046;28;40;42;54;55;57;0
1047;1;2;8;10;14;48;1720141.14
1048;3;16;21;28;38;57;0
1049;2;5;17;29;34;52;0
1050;14;24;26;33;45;60;10189998.98
1051;7;10;11;13;43;57;11636051.15
1052;8;11;15;16;52;57;0
1053;15;27;34;42;49;53;0
1054;13;14;18;27;41;60;8083746.30
1055;12;15;16;20;27;32;0
1056;6;8;38;50;53;59;0
1057;2;3;4;15;49;59;1590685.29
1058;18;20;24;45;51;57;0
1059;1;12;14;16;37;45;0
1060;1;3;16;18;41;42;0
1061;9;21;23;30;41;56;1591415.12
1062;2;8;23;33;37;55;3684492.68
1063;1;22;44;47;49;50;5911224.82
1064;4;16;19;28;29;49;14524789.16
1065;7;19;30;39;43;57;17654485.48
1066;6;10;25;32;43;49;21511165.79
1067;4;10;14;25;28;56;25237954.47
1068;25;27;44;47;48;57;30418969.33
1069;9;17;28;45;49;53;0
1070;5;8;16;23;41;53;0
1071;5;7;37;43;53;54;1806143.13
1072;9;18;19;43;47;54;4159908.54
1073;8;25;32;34;36;44;6634811.63
1074;3;10;23;29;47;50;16976970.12
1075;10;12;16;21;39;53;20450510.01
1076;4;10;19;32;33;42;24479432.11
1077;5;6;9;11;18;37;0
1078;3;6;34;41;43;45;1948695.28
1079;5;12;24;28;36;37;0
1080;11;18;20;34;41;56;12716777.49
1081;9;16;24;29;52;56;16001758.39
1082;4;17;38;40;50;55;19360050.18
1083;10;20;23;28;42;43;23480703.04
1084;5;20;29;33;40;59;39437088.95
1085;12;21;39;40;50;55;46002479.88
1086;2;4;6;10;23;45;0
1087;3;20;28;32;36;46;2177511.76
1088;6;24;31;35;42;57;4942757.79
1089;2;18;20;32;37;48;23035860.57
1090;9;20;24;36;40;42;27168860.47
1091;17;23;24;27;49;56;32230875.61
1092;1;9;30;33;34;40;38294925.87
1093;19;23;27;38;41;49;45920866.95
1094;9;10;21;36;41;48;0
1095;10;16;21;23;27;36;24452986.89
1096;3;13;14;16;41;52;29439225.73
1097;1;17;21;33;48;56;0
1098;11;20;21;30;50;52;0
1099;14;31;35;38;44;55;14459242.92
1100;7;17;18;33;41;42;18174867.35
1101;6;7;10;12;24;57;0
1102;9;11;23;35;46;51;2375142.54
1103;10;19;28;41;55;56;4933030.92
1104;2;3;6;35;49;58;18060804.99
1105;1;15;28;43;50;57;0
1106;4;15;43;47;50;60;2175905.27
1107;3;9;20;36;53;54;4496344.33
1108;7;9;39;43;44;60;7688095.88
1109;6;8;11;14;29;52;20340725.12
1110;6;14;26;28;42;45;0
1111;4;9;25;32;33;43;0
1112;4;32;34;43;52;58;2224476.04
1113;3;6;29;36;47;59;0
1114;3;15;16;22;25;54;0
1115;18;30;37;41;44;50;11132729.77
1116;4;9;13;17;20;47;0
1117;1;6;17;27;35;40;1742106.23
1118;8;20;21;43;44;55;4209080.96
1119;10;34;41;44;45;54;14740142.18
1120;7;35;40;44;50;55;18307829.45
1121;4;17;18;54;56;59;0
1122;26;44;46;49;55;56;2073117.88
1123;4;14;19;39;45;60;4015470.76
1124;7;11;16;18;33;49;15550005.71
1125;3;7;29;33;42;56;0
1126;4;31;42;52;57;59;2128367.63
1127;5;8;14;24;29;30;0
1128;8;16;24;39;52;60;0
1129;12;17;19;32;47;55;9094554.71
1130;5;18;23;32;49;54;12050502.92
1131;1;8;16;34;36;49;15717508.75
1132;12;27;30;33;52;55;19854486.10
1133;5;10;16;21;39;58;0
1134;9;22;29;36;51;56;13077964.72
1135;4;5;6;19;23;39;0
1136;7;31;32;34;37;43;2289692.56
1137;19;21;25;28;43;50;3852718.38
1138;2;4;15;18;25;36;5917535.51
1139;9;28;31;36;37;42;61731493.11
1140;10;27;40;46;49;58;0
1141;9;37;40;50;58;60;605113.35
1142;3;15;26;28;31;58;2471072.68
1143;3;30;35;44;47;60;4811454.35
1144;1;10;18;19;44;49;11724753.92
1145;3;16;19;24;33;60;0
1146;6;10;28;33;34;53;1758423.03
1147;6;23;31;33;39;52;4009415.81
1148;27;28;29;32;48;55;6266575.92
1149;7;8;23;36;46;54;16684537.21
1150;15;17;28;31;35;52;19934936.77
1151;1;4;14;21;25;51;23741179.41
1152;14;20;29;36;44;47;27742438.13
1153;6;17;19;34;46;55;32297124.60
1154;4;12;14;21;26;28;46695017.02
1155;20;28;40;41;51;58;53368610.37
1156;9;24;31;44;48;49;61659631.20
1157;9;29;41;43;46;49;0
1158;23;30;31;54;55;60;2356109.85
1159;5;6;34;46;53;55;25368068.86
1160;1;3;5;18;40;48;0
1161;4;7;42;47;48;51;2435954.08
1162;18;22;25;30;31;41;5012483.34
1163;5;17;31;47;51;53;8126662.78
1164;6;14;17;26;40;49;21170174.38
1165;20;40;42;52;54;60;25277800.98
1166;22;28;30;31;35;54;29702501.97
1167;20;28;43;51;52;56;33984911.71
1168;4;5;20;47;53;56;39427100.86
1169;1;11;14;23;42;48;0
1170;11;13;27;34;46;49;0
1171;3;10;13;30;41;57;2444272.09
1172;6;12;28;43;52;56;4443633.49
1173;5;7;24;25;36;47;7475062.00
1174;6;7;39;47;51;52;19341429.43
1175;2;3;12;16;37;47;22639885.13
1176;11;14;21;30;33;49;27009415.74
1177;33;38;47;50;52;55;0
1178;1;22;30;45;50;53;2119836.94
1179;5;22;28;47;59;60;15909470.94
1180;12;30;34;44;57;60;19487422.20
1181;18;20;26;31;44;45;23872382.69
1182;2;4;29;52;56;60;28289723.98
1183;5;10;12;20;29;37;0
1184;4;9;23;27;28;30;14661502.87
1185;2;10;21;35;43;54;17820133.57
1186;7;8;12;13;15;41;0
1187;8;17;19;40;43;49;2263749.35
1188;9;20;44;52;59;60;4496348.84
1189;14;21;27;31;35;50;16296089.09
1190;10;11;19;37;53;56;0
1191;3;11;16;22;25;33;1959568.05
1192;17;20;49;52;57;59;4057292.71
1193;2;9;12;14;32;54;6480249.51
1194;6;13;24;41;50;53;17080404.23
1195;17;20;26;27;55;57;0
1196;3;6;19;20;58;60;1911607.90
1197;36;37;39;49;54;60;4318353.37
1198;22;29;36;41;48;58;6850881.31
1199;16;19;23;28;39;58;18200523.70
1200;3;10;11;39;54;56;0
1201;28;32;36;49;55;60;2055364.13
1202;8;9;11;48;53;60;4311607.33
1203;7;9;30;33;38;55;7018099.86
1204;5;10;25;39;43;52;18316592.66
1205;4;13;14;26;29;35;22221535.91
1206;2;6;11;36;37;48;26383440.55
1207;9;11;22;32;35;56;31345622.39
1208;1;12;20;26;45;54;36935598.02
1209;5;14;17;30;35;38;59900458.51
1210;3;7;9;10;31;34;73338200.39
1211;3;15;31;36;48;54;0
1212;2;23;33;35;40;50;1989105.38
1213;3;11;26;34;45;53;5020939.63
1214;5;29;30;36;41;48;33917085.84
1215;10;25;30;47;50;51;39632131.51
1216;4;7;13;25;27;58;45796594.37
1217;5;11;15;28;43;50;53263730.31
1218;10;23;29;31;33;46;62589221.31
1219;2;33;34;37;41;53;99517334.59
1220;5;15;43;48;52;55;0
1221;5;14;37;43;46;58;2819788.93
1222;5;8;19;26;48;57;5435524.20
1223;15;17;35;42;47;48;9271123.19
1224;19;21;27;41;53;57;0
1225;31;32;34;40;50;55;0
1226;10;31;40;50;55;56;2385002.68
1227;4;28;30;31;35;54;0
1228;10;23;36;50;52;60;1959787.41
1229;12;30;32;40;49;60;14182939.00
1230;9;12;19;22;35;37;17941713.91
1231;5;20;23;27;39;49;0
1232;8;11;12;15;18;22;1974742.97
1233;22;29;32;49;54;59;4616624.43
1234;3;5;19;24;30;35;17300360.17
1235;10;16;20;26;49;55;21151251.64
1236;3;8;17;20;38;53;25248033.37
1237;5;18;21;26;39;59;0
1238;13;14;24;39;40;45;2185597.01
1239;1;15;37;39;48;52;16292399.49
1240;8;9;12;22;42;49;19881568.56
1241;10;13;25;26;28;45;24042571.82
1242;11;34;45;48;51;54;25682508.00
1243;9;19;23;29;32;57;29616886.54
1244;2;8;15;25;34;45;104122626.00
1245;2;10;34;37;43;50;0
1246;10;37;40;43;57;59;2148225.48
1247;3;9;11;24;36;51;4896902.11
1248;20;33;34;57;58;60;7798968.50
1249;3;8;36;40;51;53;0
1250;1;2;24;40;51;59;9702756.58
1251;5;27;34;46;48;52;12978966.70
1252;2;14;35;39;49;51;16303617.54
1253;2;17;23;43;44;51;19785548.84
1254;7;9;14;18;29;39;34384817.93
1255;5;23;38;39;51;54;39716029.61
1256;26;33;35;38;43;53;45513494.46
1257;2;15;26;27;30;52;0
1258;11;26;47;55;57;59;2240397.48
1259;4;6;39;46;54;58;19695537.06
1260;19;23;29;31;41;53;23628152.10
1261;10;14;22;41;42;53;28276078.02
1262;5;7;8;9;11;39;0
1263;4;18;26;36;41;53;2502467.36
1264;4;17;36;37;51;56;15184977.60
1265;13;19;24;46;50;60;19030246.79
1266;6;10;33;39;42;60;23191400.61
1267;4;20;30;41;47;58;27891287.17
1268;3;16;17;44;53;60;33033525.87
1269;4;5;15;17;27;51;0
1270;5;9;24;31;33;42;18113899.54
1271;1;2;39;48;52;59;22411226.22
1272;13;26;27;28;35;52;27030113.51
1273;13;19;26;40;58;60;32448501.08
1274;13;17;21;39;40;59;52984883.98
1275;2;14;48;55;58;60;60928157.26
1276;5;9;11;22;36;40;0
1277;12;18;31;50;59;60;1517701.88
1278;4;16;24;25;30;56;4414276.70
1279;8;14;29;35;36;40;24514912.08
1280;6;10;16;20;29;54;29198123.13
1281;8;11;14;30;36;38;0
1282;4;23;39;52;55;56;2545141.94
1283;8;30;40;44;59;60;5809100.65
1284;20;21;26;29;31;36;21403382.14
1285;10;15;28;31;33;38;26111704.05
1286;2;5;28;33;51;52;31148608.26
1287;11;12;31;33;42;52;37004670.64
1288;17;30;32;40;42;56;43966226.83
1289;1;3;8;13;27;52;0
1290;2;3;14;23;34;50;24014974.07
1291;18;40;47;54;57;58;29242776.55
1292;9;11;23;30;31;54;34612488.92
1293;1;13;24;40;44;50;40792489.49
1294;4;6;29;48;50;51;65385078.43
1295;2;5;15;20;43;57;0
1296;10;14;43;46;49;53;2414673.52
1297;2;5;11;13;56;59;5621705.90
1298;14;15;30;53;55;60;0
1299;8;22;32;43;53;56;15046663.45
1300;43;44;46;53;54;59;0
1301;3;16;23;25;51;56;0
1302;2;10;15;44;56;57;2339791.97
1303;8;19;46;51;52;54;5302743.11
1304;7;14;15;20;23;35;17861876.13
1305;3;5;11;36;44;46;22120460.55
1306;6;19;22;34;43;45;26731395.64
1307;7;10;32;43;47;54;0
1308;7;8;24;30;33;47;1587128.31
1309;7;12;25;26;32;39;15550756.73
1310;8;9;14;32;53;59;19373038.14
1311;7;9;12;19;45;54;23622724.12
1312;5;20;22;28;29;30;28579345.16
1313;1;4;26;39;43;49;33817016.06
1314;38;42;44;52;58;60;55369062.27
1315;1;27;29;38;50;52;0
1316;8;13;25;34;42;48;0
1317;6;13;29;30;35;37;2215668.61
1318;11;14;16;28;34;46;4961754.76
1319;4;5;16;18;27;51;20568151.64
1320;17;24;25;38;41;55;25340695.29
1321;10;47;51;53;59;60;0
1322;10;21;43;47;53;55;2742226.09
1323;6;15;25;37;48;55;5808298.70
1324;18;29;31;44;51;57;22033754.85
1325;2;5;16;20;35;43;26743520.84
1326;10;11;18;19;30;50;32431186.77
1327;16;35;36;41;52;54;38741869.73
1328;10;23;27;43;53;59;0
1329;7;8;11;39;43;50;19139519.77
1330;8;18;21;30;48;49;23973099.60
1331;9;24;26;39;46;57;0
1332;3;5;13;24;35;59;0
1333;25;26;28;33;42;51;2555470.44
1334;1;6;8;10;25;27;17351264.84
1335;3;14;20;22;49;51;0
1336;1;32;38;47;51;54;0
1337;2;20;35;38;45;51;2163225.69
1338;1;18;19;33;43;60;0
1339;7;10;14;16;54;59;12323951.62
1340;13;21;30;36;59;60;16182620.14
1341;1;11;20;37;40;52;20580961.40
1342;5;7;42;46;50;60;25739230.68
1343;19;20;31;42;51;56;31130032.72
1344;8;19;21;36;42;59;0
1345;7;17;19;26;40;50;19645695.09
1346;12;32;40;47;48;59;0
1347;9;19;45;46;54;56;1681457.45
1348;7;12;38;39;45;56;4273242.73
1349;9;19;20;50;51;60;0
1350;3;4;29;36;45;55;0
1351;13;33;36;41;50;56;2192896.53
1352;9;18;24;35;36;59;5171565.92
1353;3;11;13;27;32;47;0
1354;2;8;38;42;48;49;0
1355;11;17;24;39;46;49;10038894.30
1356;6;13;21;22;31;46;13801846.13
1357;1;19;24;26;52;55;17556742.21
1358;3;15;16;35;37;47;22059253.65
1359;6;10;12;17;28;53;39156095.15
1360;2;16;17;25;50;54;0
1361;23;27;30;37;38;44;2554368.24
1362;2;12;19;22;36;58;0
1363;25;35;42;45;52;57;2398385.40
1364;10;13;20;40;44;53;16186627.78
1365;2;24;26;32;35;50;18427847.04
1366;12;27;37;44;54;59;0
1367;2;7;13;29;38;43;1879743.88
1368;10;21;26;29;32;38;0
1369;5;16;24;32;38;46;11093283.98
1370;2;4;5;27;49;59;0
1371;3;4;8;11;47;49;2281981.94
1372;3;36;40;46;58;60;5360565.43
1373;7;27;39;52;55;57;0
1374;6;21;28;31;33;43;12062910.42
1375;14;25;28;45;53;58;0
1376;9;11;21;49;53;54;2658346.01
1377;2;5;12;13;25;35;0
1378;2;5;17;18;54;59;2152301.02
1379;5;12;36;45;50;58;13848344.05
1380;3;14;52;55;57;60;18163437.01
1381;11;27;30;40;44;57;0
1382;5;13;16;17;27;55;1814053.48
1383;7;9;23;44;46;55;4560383.15
1384;2;18;30;31;45;56;0
1385;27;35;36;37;42;59;0
1386;12;28;38;39;51;56;2703887.60
1387;18;27;32;43;50;52;5706194.01
1388;22;29;31;43;50;54;9489345.77
1389;1;16;28;39;44;57;0
1390;4;19;27;28;29;31;0
1391;7;12;19;34;40;53;2318207.92
1392;2;8;12;28;33;43;5314742.80
1393;4;18;24;28;39;44;0
1394;11;16;24;35;46;50;11764027.65
1395;5;11;17;19;44;48;15722099.73
1396;29;48;52;54;55;58;19922509.60
1397;3;4;7;15;27;56;25122180.21
1398;14;32;33;40;42;51;31170332.79
1399;34;39;43;56;57;60;0
1400;9;26;34;43;53;54;20699395.11
1401;11;12;25;33;48;54;0
1402;2;9;10;21;27;38;2839619.38
1403;13;16;20;26;39;42;6166518.19
1404;7;8;27;31;32;51;22089242.39
1405;3;14;17;32;37;39;0
1406;7;10;17;24;38;57;3161842.16
1407;18;29;31;42;43;53;6539717.17
1408;4;19;20;24;39;43;10746651.56
1409;6;19;26;47;50;58;28288400.52
1410;18;29;40;42;50;54;34525901.60
1411;8;12;32;44;46;48;0
1412;6;8;24;37;41;45;0
1413;13;15;33;45;54;55;1634104.26
1414;21;37;44;46;49;57;18502377.63
1415;26;36;40;46;49;51;22890179.88
1416;3;19;22;24;35;49;0
1417;5;12;45;52;56;59;0
1418;7;8;10;12;27;56;2644837.54
1419;17;21;30;48;52;58;17872769.48
1420;2;11;16;18;36;45;22322165.67
1421;19;31;39;44;53;59;0
1422;2;5;13;17;39;44;0
1423;3;8;21;25;27;43;0
1424;3;7;15;29;38;60;13325277.46
1425;7;16;29;36;38;50;0
1426;6;15;18;24;30;44;2429813.06
1427;8;39;44;47;53;56;5566069.41
1428;7;15;19;34;37;55;0
1429;9;12;22;39;48;60;12664526.03
1430;2;19;22;30;46;52;16881109.04
1431;5;9;13;33;40;54;22225171.32
1432;16;24;25;42;45;59;27888229.83
1433;4;13;14;40;46;52;0
1434;3;18;22;34;55;58;0
1435;4;15;45;47;50;52;19534166.50
1436;1;13;23;24;30;57;24498095.24
1437;22;23;26;37;38;48;31063955.59
1438;7;14;31;33;36;49;0
1439;2;34;35;42;43;55;19099165.19
1440;2;6;28;36;51;56;0
1441;17;29;36;38;53;56;3181203.48
1442;12;13;20;30;34;49;6894620.79
1443;12;20;32;48;52;54;10771227.06
1444;2;5;27;28;48;55;27713340.32
1445;5;19;32;41;49;58;0
1446;6;13;24;32;40;51;0
1447;1;19;28;33;39;41;3010163.50
1448;1;25;29;36;56;60;6358254.43
1449;2;6;18;30;52;56;22336184.15
1450;26;27;31;38;44;45;27343313.77
1451;2;10;11;33;52;57;33141179.59
1452;2;14;28;50;57;58;37175930.17
1453;6;13;25;32;47;57;42752088.24
1454;4;27;29;41;48;52;122411671.25
1455;14;32;33;36;41;52;0
1456;6;8;14;26;36;40;1313627.95
1457;15;16;34;42;46;59;4629202.83
1458;2;4;16;33;44;51;8420233.24
1459;2;6;30;34;35;52;0
1460;4;14;27;38;50;52;12296574.51
1461;31;36;44;47;49;54;17234665.08
1462;5;9;25;27;38;40;0
1463;13;22;28;29;40;48;2989852.91
1464;2;24;32;50;54;59;19117004.46
1465;6;11;16;26;44;53;24137821.57
1466;4;6;13;34;37;51;0
1467;23;24;26;41;52;53;0
1468;1;2;10;19;20;37;0
1469;4;13;35;54;56;58;14475394.97
1470;2;34;36;38;51;55;0
1471;10;25;33;36;40;58;3011569.17
1472;12;18;23;25;45;50;6259763.90
1473;2;12;33;57;58;60;10367470.95
1474;1;2;3;11;28;43;0
1475;12;13;37;44;48;51;0
1476;4;10;26;37;47;57;2758568.78
1477;3;4;46;50;56;59;6340706.88
1478;10;27;37;40;47;55;10025127.83
1479;21;48;50;54;57;60;26112714.84
1480;9;14;21;26;36;52;0
1481;17;27;28;40;44;55;2383898.76
1482;6;9;11;34;41;53;5408258.78
1483;1;35;39;53;55;56;9191551.17
1484;17;20;24;29;49;53;24978254.24
1485;4;27;30;36;54;59;30670509.92
1486;1;6;10;34;40;54;0
1487;4;9;17;23;28;53;2940589.52
1488;4;22;25;38;45;51;0
1489;1;15;24;26;28;48;0
1490;1;3;31;32;43;52;16896662.04
1491;6;26;45;50;56;60;21182827.87
1492;4;9;18;44;46;48;0
1493;7;12;24;27;30;49;0
1494;2;14;24;28;35;50;14329345.31
1495;4;13;14;44;49;57;18687724.13
1496;14;18;28;41;47;54;23656465.87
1497;4;5;7;27;45;58;29080768.61
1498;6;11;27;40;46;49;35470952.42
1499;8;22;26;33;37;54;0
1500;10;18;31;43;57;59;0
1501;1;7;13;29;37;54;0
1502;6;22;43;51;52;57;2801889.58
1503;3;4;16;22;36;42;6160813.94
1504;2;10;12;30;41;42;20439900.82
1505;1;2;6;9;16;32;24873756.07
1506;3;14;18;34;42;49;29460557.82
1507;24;46;50;51;52;56;35335598.46
1508;17;18;30;35;39;58;0
1509;1;6;27;46;51;59;18579983.72
1510;1;8;17;44;46;53;0
1511;4;8;17;29;31;45;3020912.81
1512;11;28;35;42;46;58;6312511.60
1513;17;28;31;56;57;58;10170920.65
1514;16;17;23;42;59;60;0
1515;4;13;14;18;49;59;0
1516;4;18;20;34;45;60;0
1517;7;17;38;45;52;56;2841647.55
1518;8;9;28;41;48;55;4711737.63
1519;5;6;15;23;56;59;16228282.25
1520;7;31;35;36;46;48;20461515.75
1521;11;14;18;30;33;39;0
1522;5;8;23;32;33;56;2817494.59
1523;22;25;31;39;41;44;5946598.97
1524;2;12;40;46;52;53;21532147.87
1525;2;26;30;35;46;54;26081860.01
1526;10;16;28;47;51;59;0
1527;16;32;36;42;44;48;2519473.73
1528;4;13;15;19;36;58;4862186.40
1529;11;15;17;34;35;49;0
1530;10;16;28;33;48;53;0
1531;12;13;24;41;42;44;2541953.77
1532;2;11;23;31;42;44;0
1533;13;21;29;34;47;57;2473276.87
1534;1;12;28;29;34;48;0
1535;8;9;25;41;54;55;13376862.66
1536;13;18;29;32;50;58;17859260.43
1537;6;10;33;50;51;56;0
1538;23;27;35;52;53;57;0
1539;8;10;20;26;49;58;14133639.10
1540;3;17;27;32;47;54;18727668.11
1541;5;24;37;44;49;58;23695260.85
1542;7;11;12;30;39;57;29615187.77
1543;7;15;20;23;30;41;36779781.70
1544;2;21;30;35;45;50;63155442.89
1545;4;6;11;24;45;48;0
1546;4;17;38;44;53;60;3197606.56
1547;2;9;10;18;21;28;0
1548;19;41;42;44;47;54;2572861.18
1549;10;12;16;20;32;53;0
1550;9;13;21;27;36;56;0
1551;2;15;19;21;23;38;0
1552;7;18;24;26;39;46;3077362.89
1553;20;21;22;29;46;60;6533974.54
1554;30;32;49;50;52;53;22222363.27
1555;2;5;23;33;52;59;27388034.29
1556;1;4;7;10;11;52;33583180.67
1557;4;16;18;31;45;46;38253558.38
1558;7;15;17;31;42;54;44641902.75
1559;8;12;16;29;37;58;0
1560;20;30;36;38;47;53;0
1561;23;26;28;54;55;60;954736.58
1562;10;12;23;37;47;51;3346617.51
1563;1;6;13;20;36;43;0
1564;25;38;44;46;53;54;0
1565;18;37;39;41;43;51;10056109.18
1566;5;6;11;32;36;60;0
1567;2;15;30;38;48;53;2741246.19
1568;19;24;25;28;42;58;6204962.36
1569;5;15;18;31;42;53;21628185.40
1570;15;18;24;42;46;56;27112310.39
1571;3;29;32;46;55;60;33748171.78
1572;20;27;42;45;46;47;41752746.75
1573;7;16;21;35;36;38;51530013.98
1574;6;27;28;33;46;48;90042313.82
1575;1;4;5;14;45;56;0
1576;13;15;21;26;30;46;3447005.08
1577;11;14;25;32;51;59;0
1578;3;6;30;37;53;56;3311724.97
1579;25;34;40;49;51;60;26955151.45
1580;1;6;14;17;33;36;0
1581;14;15;25;30;31;34;3114252.13
1582;1;4;13;17;38;48;0
1583;2;9;17;18;45;47;3046550.39
1584;3;22;27;28;50;54;20262421.25
1585;2;43;47;48;49;55;25699576.97
1586;8;39;43;46;47;58;32622073.40
1587;8;19;21;30;52;56;40938574.57
1588;23;29;32;36;45;49;0
1589;4;5;11;19;41;51;24453798.07
1590;7;20;34;40;44;55;30672645.09
1591;4;10;23;33;38;55;0
1592;31;36;38;41;42;49;2433047.61
1593;4;9;17;18;21;38;0
1594;6;7;8;23;43;53;16848508.95
1595;2;5;8;42;46;59;0
1596;1;5;7;10;12;45;0
1597;5;10;16;44;50;52;3036056.24
1598;29;31;36;42;47;53;7010250.78
1599;3;10;15;35;36;58;0
1600;9;23;32;35;46;57;0
1601;8;10;24;45;56;60;3157899.01
1602;8;12;22;35;40;44;0
1603;13;20;27;31;53;60;3004689.56
1604;2;21;24;27;40;51;19276829.60
1605;9;19;21;30;31;42;24818622.91
1606;1;15;37;42;46;54;0
1607;7;31;32;41;51;52;3067558.10
1608;5;6;17;43;54;59;6768663.83
1609;2;6;13;26;53;60;24995950.53
1610;1;4;9;35;36;53;29969484.28
1611;24;28;47;50;51;58;35701227.50
1612;6;13;17;36;42;51;0
1613;4;18;31;44;46;49;3112828.98
1614;14;17;21;27;43;49;0
1615;5;20;26;31;33;44;19419358.68
1616;28;31;40;42;46;58;25238343.30
1617;3;23;26;31;47;54;0
1618;9;20;24;43;51;52;0
1619;5;8;17;42;46;47;17707151.21
1620;13;23;27;34;38;57;22991887.94
1621;10;22;24;38;39;49;0
1622;4;5;7;21;45;53;3543145.63
1623;33;43;49;50;56;59;5914143.04
1624;2;27;32;41;47;58;23105539.15
1625;11;22;36;40;45;52;28590177.11
1626;3;5;14;35;43;52;35758465.17
1627;20;26;32;41;45;57;0
1628;26;29;34;38;50;60;3193751.09
1629;4;20;24;35;47;59;25261484.27
1630;1;7;30;43;44;54;31129126.44
1631;4;29;44;47;48;60;38057323.60
1632;6;18;24;27;56;59;0
1633;1;2;11;13;36;49;3398309.14
1634;9;10;23;33;44;51;0
1635;8;23;28;30;32;51;23124391.25
1636;19;26;33;35;51;52;29530043.53
1637;1;5;24;47;55;56;36987476.12
1638;1;2;38;41;42;58;46095623.18
1639;16;29;34;35;49;51;0
1640;2;6;18;23;31;46;0
1641;23;29;30;33;46;51;3681526.94
1642;3;23;42;43;47;60;7712347.30
1643;16;19;20;28;37;60;12698523.41
1644;10;13;16;22;34;60;32835875.18
1645;8;18;21;31;37;38;40204537.38
1646;19;23;34;40;41;58;49422466.37
1647;12;17;23;38;53;54;0
1648;15;16;18;20;22;48;3197419.78
1649;24;33;38;42;44;54;30029733.19
1650;17;23;29;38;57;60;36929164.09
1651;8;27;35;38;41;44;45440820.51
1652;7;24;26;28;44;57;55965989.43
1653;1;21;22;27;32;45;65696928.82
1654;7;16;33;42;50;58;114066712.47
1655;7;24;28;46;53;56;0
1656;4;6;11;43;54;56;3536171.17
1657;7;10;14;37;45;54;0
1658;7;11;19;23;40;49;0
1659;4;10;20;33;37;49;27489780.03
1660;8;17;34;38;42;51;0
1661;13;16;27;43;48;58;3878017.77
1662;10;14;25;29;33;57;0
1663;18;20;27;40;49;55;3771951.70
1664;8;21;23;29;36;48;0
1665;1;5;11;16;20;56;0
1666;1;2;23;27;45;51;2294760.72
1667;7;12;24;44;51;56;0
1668;5;40;47;52;55;57;3463859.02
1669;28;29;31;45;48;49;15671923.10
1670;1;17;19;30;33;47;21093498.13
1671;21;27;31;45;55;56;26809167.31
1672;1;3;5;10;20;42;0
1673;5;10;23;24;35;47;3206444.40
1674;22;30;42;50;58;59;23391433.62
1675;3;18;34;35;36;56;0
1676;1;2;11;37;48;51;3460958.48
1677;10;15;28;33;51;52;0
1678;9;11;17;19;35;52;3401266.30
1679;1;2;27;28;46;47;0
1680;23;37;38;46;47;51;0
1681;1;6;8;11;33;50;0
1682;7;13;35;37;39;51;3293462.01
1683;4;12;32;33;34;48;0
1684;9;12;18;31;39;50;15082796.62
1685;3;18;31;39;46;51;20406061.12
1686;9;14;37;44;46;55;0
1687;15;24;37;46;49;58;0
1688;18;23;30;32;42;56;3394372.46
1689;2;5;13;27;41;53;0
1690;21;24;26;35;45;53;18835399.50
1691;1;10;24;39;45;58;24620945.12
1692;11;13;14;27;44;56;30296410.60
1693;5;15;18;19;21;38;37635793.70
1694;20;29;34;37;45;57;0
1695;24;36;38;43;44;58;25988372.92
1696;1;12;17;31;37;46;0
1697;8;23;30;51;53;58;2698560.23
1698;11;13;24;28;44;45;6774893.33
1699;1;6;10;30;33;38;26045125.94
1700;15;18;41;48;50;58;0
1701;3;9;18;32;40;56;0
1702;17;19;33;35;39;52;0
1703;3;23;26;35;39;49;3186292.13
1704;1;7;11;32;51;59;17866181.80
1705;25;27;29;37;50;51;23625464.27
1706;12;31;34;36;48;56;0
1707;7;16;20;27;36;52;3208621.29
1708;17;29;32;38;45;50;7214878.56
1709;7;19;30;35;42;47;27483984.27
1710;7;21;28;56;58;59;34105096.25
1711;22;26;38;39;45;50;41133200.24
1712;2;12;19;29;50;59;50996825.22
1713;3;10;16;23;27;29;0
1714;2;8;24;36;51;52;28004271.91
1715;16;20;35;40;53;60;33821173.57
1716;2;25;36;41;42;53;0
1717;2;9;16;37;44;58;3295785.25
1718;4;30;31;32;47;53;7019821.66
1719;1;22;31;34;44;54;27292500.36
1720;18;23;31;39;49;57;31149707.61
1721;4;12;19;33;36;38;0
1722;9;23;39;41;49;58;3209592.45
1723;14;27;30;46;52;60;7002382.06
1724;27;33;37;39;58;60;24787802.64
1725;16;18;26;30;31;34;30994934.63
1726;3;10;42;49;54;57;38025386.82
1727;4;6;19;20;40;41;0
1728;3;8;28;39;42;59;3525124.52
1729;7;14;23;43;44;53;23215411.62
1730;1;10;17;24;42;51;0
1731;5;18;27;43;49;59;3227305.34
1732;25;34;38;45;53;60;0
1733;3;5;9;14;41;46;0
1734;12;17;25;29;41;52;14382569.60
1735;6;16;33;34;45;46;19264577.58
1736;12;13;24;29;32;41;24822643.42
1737;5;8;42;50;51;59;31416142.77
1738;12;28;37;46;48;53;0
1739;9;10;17;32;34;46;20663830.42
1740;10;15;25;38;47;53;24812110.45
1741;15;18;20;32;48;49;0
1742;11;19;21;23;27;52;3075458.31
1743;4;10;29;31;34;35;6924966.43
1744;9;12;14;29;42;56;24604511.33
1745;9;13;18;47;52;60;30496376.24
1746;6;18;37;40;41;58;37593686.76
1747;6;33;34;48;53;59;0
1748;2;10;13;41;49;53;3164333.37
1749;3;13;14;29;33;43;25583870.58
1750;15;17;20;31;41;48;27778059.26
1751;15;22;23;42;51;57;32652357.92
1752;9;36;37;53;55;60;39046695.13
1753;8;15;29;35;45;54;0
1754;20;27;30;31;40;53;18903483.52
1755;2;5;8;18;30;48;24144408.92
1756;6;13;14;28;35;45;30571964.48
1757;13;25;28;37;43;56;36964453.62
1758;6;11;16;23;36;42;45892144.25
1759;2;14;21;22;51;60;73559490.68
1760;10;24;25;36;47;48;86479127.04
1761;9;10;36;50;53;55;104328919.97
1762;26;32;42;45;55;59;129954301.54
1763;9;12;15;21;31;36;162026211.93
1764;6;7;29;39;41;55;0
1765;1;6;28;37;56;58;92385569.00
1766;22;23;41;46;53;60;102182286.21
1767;16;26;35;39;44;45;112374242.31
1768;5;7;11;34;35;50;122568943.34
1769;32;37;44;47;54;60;164704569.73
1770;11;26;27;30;34;41;176010619.85
1771;2;20;27;28;32;38;187769207.55
1772;12;19;27;39;41;45;0
1773;15;30;39;41;45;59;3654894.04
1774;1;12;20;30;52;60;128027188.92
1775;2;18;31;42;51;56;0
1776;10;11;14;19;39;48;851498.25
1777;4;19;38;44;52;55;4064145.66
1778;4;10;38;40;45;48;7915332.73
1779;12;25;30;39;56;57;16920630.96
1780;6;20;22;31;33;34;20803755.49
1781;1;8;22;49;52;53;0
1782;6;18;34;47;52;57;2790624.67
1783;4;6;16;18;21;38;6374019.75
1784;4;15;26;30;54;55;21406847.55
1785;5;11;27;41;42;54;26300833.65
1786;2;6;8;21;25;34;29439600.20
1787;1;5;13;25;26;29;0
1788;3;13;42;45;56;59;2648319.80
1789;6;25;43;57;58;59;14902458.79
1790;11;13;26;27;28;50;19485858.98
1791;12;18;46;50;53;55;24231916.09
1792;2;16;17;18;41;47;29644681.07
1793;13;14;22;54;56;58;0
1794;1;5;34;37;40;60;0
1795;30;42;47;50;55;58;18655346.92
1796;22;23;34;48;53;54;0
1797;2;13;14;35;54;57;1636375.41
1798;2;9;23;28;45;53;4135864.44
1799;1;3;4;39;51;53;17663326.20
1800;6;11;16;19;31;56;0
1801;6;19;34;43;45;54;2906964.51
1802;2;6;13;14;17;44;6054076.93
1803;4;8;29;38;49;50;9073383.05
1804;20;21;28;48;50;59;23512820.15
1805;17;22;27;31;49;57;28671099.98
1806;11;20;35;42;55;58;34581937.55
1807;1;15;16;22;25;43;41755631.70
1808;2;14;20;25;41;45;49892491.27
1809;9;12;23;24;46;54;81342042.56
1810;1;10;25;43;50;56;0
1811;5;17;32;35;37;57;2611949.97
1812;20;23;32;34;37;45;5773048.72
1813;9;11;13;15;19;51;9932617.01
1814;9;11;27;46;51;53;27675011.61
1815;8;11;25;39;41;60;0
1816;5;10;12;22;28;46;2901270.13
1817;1;4;26;39;47;55;6286219.10
1818;2;6;10;15;53;56;10532870.63
1819;17;18;26;30;33;37;27454572.98
1820;3;19;23;27;40;45;33329366.70
1821;19;22;31;36;52;53;0
1822;1;22;26;43;50;53;2621630.30
1823;4;9;21;34;54;59;5920075.17
1824;5;6;12;19;30;60;24071272.35
1825;10;11;21;50;51;54;0
1826;17;19;32;43;48;51;2524601.69
1827;26;33;42;43;53;54;5357456.36
1828;6;11;32;40;48;59;8818952.53
1829;7;13;24;30;32;53;22971302.58
1830;3;7;29;37;54;60;0
1831;15;27;28;32;48;55;0
1832;14;34;46;47;56;57;2389833.83
1833;2;3;7;16;27;42;5620528.25
1834;2;17;22;24;48;51;0
1835;8;28;36;47;50;58;13993542.04
1836;8;15;18;45;59;60;16885726.58
1837;41;44;48;50;54;57;20819909.09
1838;5;8;24;30;57;59;0
1839;7;22;28;32;56;58;13593147.19
1840;15;17;33;41;47;48;17796654.66
1841;3;6;13;38;49;51;22443433.51
1842;16;18;22;24;34;43;0
1843;8;26;28;33;41;54;0
1844;3;4;37;39;48;50;15241649.60
1845;3;9;13;29;30;51;17967242.21
1846;6;24;26;30;34;49;21845210.59
1847;1;6;45;49;50;57;26424266.87
1848;9;40;41;50;55;58;31611512.99
1849;3;5;11;27;35;44;51420014.28
1850;23;24;32;38;40;41;0
1851;8;18;21;22;35;37;2760847.66
1852;13;17;29;45;49;50;5714840.70
1853;1;2;34;39;41;45;0
1854;25;30;31;34;43;59;14360440.78
1855;6;10;15;24;38;39;17786782.63
1856;2;9;14;22;32;37;22324226.34
1857;13;23;25;35;52;53;27688151.39
1858;22;28;30;33;55;59;31475179.58
1859;1;13;14;21;26;51;50903383.91
1860;10;30;36;40;44;60;0
1861;2;4;9;35;45;60;2493108.83
1862;2;8;35;42;49;56;0
1863;16;23;45;56;58;59;2571962.18
1864;4;5;14;37;40;60;17804218.79
1865;1;5;31;32;37;42;22359420.30
1866;14;17;36;38;44;60;27153861.24
1867;3;10;17;21;22;43;31028209.82
1868;1;5;23;25;28;31;35937274.74
1869;11;23;24;26;40;52;57176870.77
1870;18;20;30;32;33;40;65963826.04
1871;3;11;17;33;52;58;0
1872;11;13;25;39;46;56;2540269.69
1873;5;25;28;41;53;54;5623707.57
1874;10;28;37;43;44;47;25420134.55
1875;1;45;47;52;53;55;0
1876;7;18;39;41;44;51;2629847.55
1877;13;16;23;24;32;35;5218982.82
1878;12;16;26;40;56;57;9073702.73
1879;5;10;20;57;58;59;0
1880;5;16;19;37;51;56;14794344.48
1881;3;10;30;44;53;56;0
1882;9;10;19;35;37;41;2949730.90
1883;16;27;28;47;59;60;6095905.09
1884;1;4;23;32;38;59;21103130.14
1885;7;14;18;23;32;59;25587867.65
1886;3;7;15;40;45;54;30834987.47
1887;11;23;34;41;46;56;34840603.05
1888;1;10;17;18;45;48;0
1889;16;23;25;28;30;44;82505122.23
1890;5;11;22;24;51;53;0
1891;1;3;19;23;47;58;2216159.14
1892;6;17;22;30;37;50;5209722.53
1893;16;17;19;28;45;58;8275652.39
1894;21;31;35;53;54;57;19709935.80
1895;2;3;5;10;15;34;23998634.45
1896;3;6;14;15;21;25;0
1897;9;22;25;47;52;58;2386925.50
1898;12;34;45;53;55;58;5409105.01
1899;20;23;35;36;44;48;19831525.03
1900;8;11;27;28;43;46;24545054.40
1901;11;12;26;30;37;53;29637954.24
1902;2;7;9;18;21;25;0
1903;9;10;15;28;43;45;2532676.20
1904;12;15;18;21;51;56;19038780.05
1905;29;35;43;54;56;57;21893399.68
1906;6;27;33;39;40;60;25715612.29
1907;3;25;35;38;44;48;30057592.56
1908;4;10;13;23;27;57;33129739.06
1909;11;40;43;45;47;57;51941537.67
1910;6;9;15;22;39;48;0
1911;16;18;23;30;32;33;2834348.24
1912;10;13;33;35;36;42;0
1913;4;14;17;43;52;56;2794143.74
1914;16;29;33;39;42;44;0
1915;2;20;21;33;48;57;16048217.78
1916;3;9;18;23;50;52;20302466.15
1917;4;21;25;33;36;46;25231218.49
1918;16;17;20;22;38;50;30748371.01
1919;11;28;37;45;54;60;52483493.14
1920;25;31;33;39;43;45;59959246.30
1921;10;15;16;19;28;35;67178091.05
1922;20;22;36;38;41;43;77040029.99
1923;9;34;42;45;46;59;87247820.27
1924;12;16;30;52;53;58;0
1925;1;17;38;43;45;47;35737910.39
1926;2;3;14;20;30;46;0
1927;5;11;13;19;30;31;0
1928;10;26;28;51;53;59;1644692.28
1929;3;10;23;36;43;52;15437361.69
1930;4;17;18;37;52;56;19257119.83
1931;2;8;9;15;22;34;23902997.26
1932;10;16;21;29;44;55;28993285.02
1933;2;14;15;19;35;59;34144209.63
1934;8;23;35;39;56;59;55663885.26
1935;1;3;10;17;23;24;0
1936;3;12;24;40;51;52;3044902.03
1937;6;10;24;29;43;55;0
1938;10;16;32;40;42;54;2913145.10
1939;7;24;29;39;45;52;18262613.14
1940;9;13;16;17;36;47;22113040.42
1941;1;9;24;38;48;49;0
1942;6;18;20;24;43;48;2572934.23
1943;9;11;12;30;39;43;5372518.09
1944;8;9;39;47;57;59;19713673.80
1945;4;8;10;21;45;54;22544615.97
1946;4;6;39;44;52;60;26733992.14
1947;8;33;40;52;55;59;31543054.69
1948;12;20;24;28;33;57;37391010.97
1949;1;6;14;22;30;56;59931164.62
1950;10;21;32;34;48;57;68387070.06
1951;14;16;19;21;33;55;78481864.51
1952;9;21;36;38;52;53;91586393.30
1953;9;26;29;42;43;45;0
1954;9;25;33;35;40;49;34841160.62
1955;15;27;33;36;41;45;40879706.35
1956;5;8;20;28;40;45;45267579.56
1957;2;14;22;23;29;47;0
1958;15;20;22;24;34;55;3091936.52
1959;8;21;27;35;43;56;21061112.37
1960;1;18;25;37;39;43;26198748.72
1961;17;25;26;30;32;50;31500395.41
1962;5;6;15;25;39;53;37496765.04
1963;4;5;7;34;42;60;43670452.21
1964;2;27;32;36;48;50;69532846.39
1965;26;28;35;38;48;55;0
1966;10;13;19;32;40;60;2515971.84
1967;13;30;32;39;46;54;5746808.26
1968;35;36;39;44;48;52;9819560.22
1969;8;20;30;32;48;59;25725590.06
1970;5;10;18;24;39;52;29854328.64
1971;4;10;41;44;52;54;34723767.08
1972;9;16;20;54;57;59;40483704.13
1973;1;12;16;17;52;60;47107945.05
1974;4;19;27;38;54;57;0
1975;8;11;24;26;47;57;0
1976;12;14;19;25;52;59;2832119.78
1977;3;16;28;32;34;37;0
1978;2;6;22;44;55;57;1628917.22
1979;22;23;29;32;38;45;0
1980;12;16;17;18;34;37;12243066.43
1981;6;15;19;37;39;53;16157440.72
1982;4;14;20;24;46;50;0
1983;5;6;10;14;22;36;0
1984;21;29;32;35;43;50;13064010.38
1985;9;28;29;34;36;55;15622354.96
1986;23;36;43;44;55;56;19112620.03
1987;10;14;31;34;45;58;23298729.51
1988;5;10;39;42;46;54;27974872.76
1989;15;22;30;32;40;58;45258494.61
1990;11;24;26;34;37;59;51219738.92
1991;19;20;28;34;36;44;58322202.57
1992;5;11;13;21;53;54;0
1993;6;17;33;48;50;57;3025188.60
1994;2;5;12;32;40;44;23288225.90
1995;14;26;29;35;37;39;27983241.76
1996;7;20;21;24;40;56;33129825.41
1997;1;7;14;31;35;46;38894707.46
1998;8;21;24;25;52;57;42983572.73
1999;15;37;38;42;49;50;139099571.93
2000;3;6;10;17;34;37;0
2001;20;22;36;42;52;60;1880911.11
2002;4;28;30;38;46;59;4942816.72
2003;28;34;40;43;50;51;8183091.48
2004;1;5;14;23;35;45;0
2005;11;19;22;33;34;53;11198253.50
2006;1;9;14;20;25;54;15294551.69
2007;4;14;39;41;54;58;19418008.50
2008;22;27;33;42;58;59;24056145.97
2009;1;37;44;46;48;50;42512967.40
2010;8;10;18;34;39;56;49094389.13
2011;2;28;32;35;54;58;53709650.58
2012;8;11;27;35;36;51;60116947.10
2013;6;23;30;36;53;56;67456226.93
2014;16;32;40;46;53;56;92190618.41
2015;17;18;27;32;39;58;0
2016;4;11;17;18;21;48;2826635.42
2017;2;10;11;24;38;56;6523761.62
2018;11;22;25;27;55;59;10505093.47
2019;23;41;46;52;54;59;32794593.50
2020;2;36;46;48;57;60;38499582.15
2021;7;14;32;37;40;60;45026259.92
2022;4;28;45;48;52;60;51892650.46
2023;1;6;7;8;23;56;0
2024;16;20;23;29;35;47;21284448.74
2025;4;24;46;52;55;56;25943257.19
2026;10;23;31;33;51;52;30731445.06
2027;11;15;29;37;39;44;35325592.81
2028;7;11;24;36;42;58;0
2029;6;15;18;33;37;40;17520439.23
2030;4;27;38;40;58;59;0
2031;18;23;37;39;50;55;3254601.23
2032;6;14;19;20;39;53;5308080.78
2033;10;18;33;38;40;43;0
2034;6;7;13;17;22;56;0
2035;30;35;36;38;49;52;14510533.22
2036;7;8;19;23;27;58;18189847.70
2037;14;16;23;30;45;60;23342740.19
2038;6;25;26;35;38;40;26744923.97
2039;6;12;22;28;31;44;44786421.27
2040;6;9;41;54;56;58;51290263.54
2041;10;12;22;25;42;54;0
2042;14;22;29;32;33;35;2987466.44
2043;21;38;53;56;57;58;6087756.99
2044;7;14;47;54;56;60;24641743.07
2045;15;25;27;45;46;50;0
2046;3;6;11;27;28;46;2526861.75
2047;1;18;19;29;44;54;5616883.91
2048;10;19;26;35;38;39;9409463.36
2049;10;19;27;31;51;53;24258030.47
2050;8;31;32;33;38;50;28999862.98
2051;1;5;6;37;44;53;33725171.79
2052;50;51;56;57;58;59;0
2053;12;22;27;37;40;55;2068827.88
2054;4;7;12;22;26;39;17174516.94
2055;6;25;35;43;46;53;19530209.77
2056;18;22;29;34;36;47;23155036.03
2057;10;13;20;37;38;54;26722348.27
2058;4;19;23;29;56;59;31279809.85
2059;4;5;36;40;44;56;49363979.62
2060;8;9;11;25;39;41;56029903.37
2061;33;36;40;44;45;54;63855146.65
2062;8;10;15;23;25;34;0
2063;6;10;19;24;25;29;2867828.70
2064;10;14;36;53;55;60;24852796.86
2065;4;11;20;30;37;43;29921018.95
2066;6;25;27;35;45;55;0
2067;2;11;13;26;32;59;3032010.41
2068;3;5;9;40;42;47;5093935.07
2069;3;17;34;35;40;48;19225577.56
2070;5;26;27;34;42;48;23191475.97
2071;24;33;34;35;46;60;27768582.95
2072;10;12;13;20;22;54;33066374.91
2073;12;15;18;30;52;55;38506447.56
2074;8;18;23;37;42;58;0
2075;7;9;23;33;57;59;19815375.66
2076;5;6;12;15;22;43;23405346.10
2077;13;16;26;35;37;39;0
2078;2;11;15;30;36;39;2817514.15
2079;1;2;14;37;55;58;14977664.94
2080;10;22;40;46;55;58;18010447.03
2081;13;18;35;40;41;42;0
2082;6;25;33;42;48;49;0
2083;1;18;19;33;56;60;2699258.48
2084;7;20;26;37;38;39;14932202.45
2085;12;21;25;37;38;49;19218427.31
2086;4;35;43;46;47;53;23380026.68
2087;2;18;19;23;34;53;0
2088;3;14;24;27;38;56;0
2089;5;10;32;38;48;49;14026432.08
2090;8;11;18;37;40;51;16563354.06
2091;10;11;12;37;38;59;0
2092;11;13;15;17;22;27;2418938.40
2093;8;14;27;34;52;54;5262116.11
2094;4;16;19;31;33;44;17652712.20
2095;16;29;35;43;49;56;22088650.30
2096;6;11;13;19;24;51;27180430.89
2097;9;24;28;45;49;51;32589388.72
2098;2;8;18;27;38;60;37805495.92
2099;5;15;20;27;30;58;60511157.87
2100;1;10;11;13;35;49;0
2101;2;8;18;37;56;58;2586019.52
2102;4;6;17;34;51;57;6136007.75
2103;3;13;40;44;46;50;8710512.49
2104;2;10;12;27;45;56;25324918.26
2105;11;13;16;24;31;46;29793024.64
2106;3;27;36;39;40;43;35176471.32
2107;8;38;44;50;56;60;41402855.76
2108;19;22;29;41;44;59;45845920.47
2109;4;12;16;34;44;49;135838889.05
2110;5;10;12;18;25;33;0
2111;1;41;44;46;54;58;1247754.69
2112;17;39;43;46;52;53;4312684.25
2113;11;14;21;25;46;50;7834293.88
2114;17;25;30;35;42;57;19917929.17
2115;4;19;27;35;40;44;23147777.55
2116;1;9;19;21;34;54;27296435.12
2117;4;28;29;30;43;52;32229209.46
2118;11;12;20;40;41;46;0
2119;19;21;26;31;42;49;15932005.75
